Latex_small/200103659.tex,Introduction,Our Approach,Experiments,Conclusions
Latex_small/200202645.tex,,Introduction,Intuition,Freeze Inference Design,Results and Challenges,Research Directions,Discussion Topics
Latex_small/200202938.tex,Introduction,Methods,Results,Conclusions  Future Work
Latex_small/200205145.tex,,Introduction,Importance Sampling  Risk Minimization with Biased Data,Weighted Empirical Risk Minimization  Generalization Guarantees,Numerical Experiments,Conclusion
Latex_small/200110155.tex,,Introduction,Methods,Results  Conclusions,Qualitative Results
Latex_small/200109569.tex,Introduction,Research Approach,Results and Discussion,Future Work
Latex_small/200202117.tex,Introduction,Preparation,Proposed method,Simulation,Conclusion
Latex_small/200107135.tex,Introduction,Background,Framework,Theory,Related Work,Experiments,Conclusion
Latex_small/200106626.tex,Introduction,General Instructions,Translation of nonEnglish Terms,Length of Submission,Supplemental Material
Latex_small/200203273.tex,Introduction,Setup,Approaches for Minimizing Finite Sums,A Biased Estimator with Quantization,Application to Stochastic Oracles,Discussion and Future Work,Supplementary Material
Latex_small/200201464.tex,Introduction,Related Work,Visual ConceptMetaconcept Learning,Experiments,Conclusion
