Latex_small/200103659.tex,uppercaseIntroduction,uppercaseOur Approach,uppercaseExperiments,uppercaseConclusions
Latex_small/200202645.tex,,Introduction,Intuition,Freeze Inference Design,Results and Challenges,Research Directions,Discussion Topics
Latex_small/200202938.tex,Abstract,Introduction,Methods,Results,Conclusions  Future Work
Latex_small/200205145.tex,,0pt,Introduction,Importance Sampling  Risk Minimization with Biased Data,Weighted Empirical Risk Minimization  Generalization Guarantees,Numerical Experiments,Conclusion
Latex_small/200110155.tex,,Introduction,Methods,Results  Conclusions,Qualitative Results
Latex_small/200109569.tex,0pt,Introduction,Research Approach,Results and Discussion,Future Work
Latex_small/200202117.tex,startsectionsection1z                      05ex plus 0ex minus 2ex                      05ex plus 0ex                      normalfontLargebfseries,Introduction,Preparation,Proposed method,Simulation,Conclusion
Latex_small/200107135.tex,cntformat,Introduction,Background,Framework,Theory,Related Work,Experiments,Conclusion
Latex_small/200106626.tex,Credits,Introduction,General Instructions,Translation of nonEnglish Terms,Length of Submission,Supplemental Material
Latex_small/200203273.tex,1,Introduction,Setup,Approaches for Minimizing Finite Sums,A Biased Estimator with Quantization,Application to Stochastic Oracles,Discussion and Future Work,Supplementary Material
Latex_small/200201464.tex,8pt,Introduction,Related Work,Visual ConceptMetaconcept Learning,Experiments,Conclusion
