Latex_files/latex_30k/171109767.tex,Introduction,Related Work,Unpaired Training Image Synthesis,Experiments,Discussion,Conclusions,Qualitative Diversity Analysis,Quantitative Comparison,Network Architectures and Parameters
Latex_files/latex_30k/151005336.tex,Introduction,Requirements from notions of clusterability,Notions of clusterability,To what extent do the notions meet the requirements listed above,Conclusions
Latex_files/latex_30k/180201572.tex,Introduction,Background,DEALING WITH DIRECTED GRAPHS,MotifNet,Experimental evaluation
Latex_files/latex_30k/160208800.tex,bf Introduction,bf PCA problem formulation,bf Aggregation model,bf Iterative method,bf Numerical experiments
Latex_files/latex_30k/180301229.tex,Introduction,Liver Lesion Classification,Generating Synthetic Liver Lesions,Experiments and Results,Discussion And Conclusions
Latex_files/latex_30k/180210168.tex,Introduction,ADMMbased Distributed SVI,ADMMbased Networked SVI,Discussion and Conclusion
Latex_files/latex_30k/171010784.tex,Introduction,What can geometry teach us,Geometry of Deep Learning,Conclusional remarks
Latex_files/latex_30k/170303041.tex,Introduction,Biological Background,Methods,Results,Conclusions
Latex_files/latex_30k/160800159.tex
Latex_files/latex_30k/150501658.tex,Introduction,Problem Definition,Performance Metrics for Imbalanced Domains,Modelling Strategies for Handling Imbalanced Domains,Related Problems,Conclusions
Latex_files/latex_30k/170306471.tex,Introduction,Background,Gradient Descent TD algorithm for linear options,Multiple Time Scales and Real Time RL,Empirical Results,Conclusion
Latex_files/latex_30k/170500850.tex,Introduction,A random active path model,Discussion,MonteCarlo method to simulate the RAP model,Mean field method to solve the RAP model
Latex_files/latex_30k/12121936.tex,Introduction,Proposed architecture,Inference,Experiments,Conclusions
Latex_files/latex_30k/170706742.tex,Introduction,The need for a new discipline,Analogy to programming,The role of teachers,Teaching process,Conclusion,Acknowledgements
