Latex_files/full/expanded/200307441.tex,Introduction,Related Work,Datasets,Loss Calculation,Architecture,Experiment Procedure,Results,Analysis,Discussion and Conclusion
Latex_files/full/expanded/200613331.tex,Introduction,Augmentative Generation,Experiments,Conclusion
Latex_files/full/expanded/190508848.tex,Introduction,Related work,Enhanced Concept Profiling Framework,Experimental Design and Results,Conclusion and future work
Latex_files/full/expanded/200503776.tex,Introduction,Problem Formulation,Data,Model Architectures,Experiments,Related Work,Conclusion,Data,Computing Span Representations,Details for Distance GCN,Hyperparameters  Training
Latex_files/full/expanded/201011842.tex,Introduction,Preliminaries,MDDLog and MMSNP Lower Bounds,MDDLog and MMSNP Upper Bounds,OntologyMediated Queries,Outlook,MDDLog Hardness Missing Details,MDDLog Upper Bound Missing Details,OntologyMediated Queries
Latex_files/full/expanded/210501585.tex
Latex_files/full/expanded/170706588.tex
Latex_files/full/expanded/170301008.tex,Introduction,Proposed Framework,EndtoEnd Reinforcement Learning,Experiments,Discussion and Future Work,Dataset Annotation,Sample Dialogues
Latex_files/full/expanded/170405972.tex,Introduction and Motivation,Data  Resources,Evaluation,Participant Systems and Results,Conclusion
Latex_files/full/expanded/181203347.tex,Introduction,Matched filter and autoencoder for signal reconstruction,Summary
Latex_files/full/expanded/201114143.tex,Introduction,Related Work,Method,Experiments,Discussion and Future Work,Conclusion,Acknowledgements,Supplementary
Latex_files/full/expanded/190202248.tex,Introduction,Related Work,Methodology,Experimental Setup,Results,Conclusion
Latex_files/full/expanded/200311086.tex,Introduction,Preliminaries and Background,Greedy Merging Algorithm,Experiments,Omitted Details from Sectionrefsecpreliminaries
Latex_files/full/expanded/151204009.tex
Latex_files/full/expanded/210603814.tex,Introduction,Related Work,Data and Methodology,Results and Discussion,Conclusion and Future Work
Latex_files/full/expanded/200107141.tex,Introduction,Preliminaries,DEL games,DEL games with propositional actions,DEL games with public actions,DEL games with public announcements,Conclusion
Latex_files/full/expanded/201209394.tex,Introduction,Results,Conclusion
Latex_files/full/expanded/160903457.tex,What is mathaware search,Ability to recognize and compare math,Database coverage,Applications to Physics,Paper layout,Now Available Although they improve with time,Future Possibilities,Sequence of Events in an Engines Operation,Database coverage,Extent of abilities to extract math incontext,Extent of abilities to match formulae,Future Developments,Choosing which Engine to Use,Successful Queries,Results,Engines Included Working WebAvailable,Keeping UpToDate,MultiEngine Interface,WebAvailable Engines,Ready for ArXiV deployment Needs Server Space,In development for physics,Build a Custom EquationSearchable Database,min,LaTeXSearch,zbMATH,EuDML,DLMF,Tangent,Uniquation,Wolfram Alpha,Math tools A Sample of Interesting Tools,Resources to find other tools
Latex_files/full/expanded/191110892.tex,Introduction,Organising The Data Products With Respect To SimDM,Implementation Of Simulation Data Access Component,Conclusion
Latex_files/full/expanded/210111888.tex,Introduction,Model,CrossLingual Experiments,Discussion,Conclusions
Latex_files/full/expanded/190504729.tex,Introduction,Related work,The Proposed Approach,Experiments,Conclusion and future work
Latex_files/full/expanded/180509281.tex,Introduction,Notation and Background,Model  Planning,Experiments,Related Work,Conclusion
Latex_files/full/expanded/180708023.tex,,Introduction,Main results,Numerical illustration,Conclusion,Appendix
Latex_files/full/expanded/200601731.tex,Introduction,Data sources,Consolidated TimeSeries,Estimation of the state of the pandemic,Epidemiological models,Forecasting,Impact Assessment Tools,Decision Making,Conclusions
Latex_files/full/expanded/13024922.tex,Introduction,Expressing structure through kernels,Searching over structures,Related Work,Structure discovery in time series,Validation on synthetic data,Quantitative evaluation,Discussion
Latex_files/full/expanded/9034817.tex,Introduction,Support Vector Machines,A First Example in Two Dimensions,The HighDimensional Case,Experiments,Conclusion
Latex_files/full/expanded/190803250.tex,Introduction,SumProduct Networks SPNs,Random SumProduct Forests,Residual SumProduct Learning,Experimental Evaluation,Conclusion
Latex_files/full/expanded/210913724.tex,Introduction,Malay Morphology and SMT,Method,Experiments,Results and Discussion,Related Work,Conclusion and Future Work
Latex_files/full/expanded/200409124.tex,Introduction,Setup,Measurements,Generalization emerges naturally if the input space is large,Generalization does not require compositionality,Compositionality and ease of transmission,Discussion,Supplementary material
Latex_files/full/expanded/190712374.tex,Synthetic topic recovery experiment details,Additional TU and NPMI Plots for WLDA,Document classification,MMD vs GAN in distribution matching,Topic Words
Latex_files/full/expanded/210911422.tex,Chemical Reaction Networks,Programming CRN Computation by Stoichiometry
Latex_files/full/expanded/200711354.tex,Introduction,Methodology,Results,Open Problems and Future Trends in Federated Learning,Threats to Validity,Related Work,Conclusion,Appendix
Latex_files/full/expanded/180906781.tex,Introduction,Problem formulation and related work,Results,Conclusions and future work
Latex_files/full/expanded/190206410.tex,Introduction,Reactive behavior in biological and simulated networks,Proactive behavior in simulated networks,Speculating About Inductive Agents,Discussion,,Keywords
Latex_files/full/expanded/170804352.tex,Introduction,Related Work,Environments,Multitask Sets,Baseline Experiments,Conclusion
Latex_files/full/expanded/190300906.tex,Introduction,Recurrent Neural Networks,Theoretical Analysis,Experiments,Concluding Remarks
Latex_files/full/expanded/210616050.tex,Introduction,Ethical Challenges in RTS,Ethical Questions around AIRTS
Latex_files/full/expanded/171107128.tex,Introduction,Background,Neural Network Architectures for KWS,Experiments and Results,Conclusions,Appendix Neural Network Hyperparameters
Latex_files/full/expanded/190512752.tex,Introduction,Related Work,Residual VQVAE for Unsupervised Monolingual Paraphrasing,Experiments  Results,Discussions,Conclusion
Latex_files/full/expanded/180710570.tex,Introduction,Related Work,Methods,Experiments,Conclusions
Latex_files/full/expanded/190509788.tex,Introduction,MultiSample Dropout,Experimental Results,Related Work,Summary
Latex_files/full/expanded/210202896.tex,Introduction,Methods and Experiments,Conclusion
Latex_files/full/expanded/200407690.tex,Introduction,Robust Control Using Reinforcement Learning,Results,Conclusion
Latex_files/full/expanded/170507377.tex
Latex_files/full/expanded/8090610.tex,Introduction,A framework for interactive multiobjective vehiclerouting,Implementation and preliminary experiments,Summary and further development
Latex_files/full/expanded/190604484.tex,Introduction,Related Work,Matching Procedure in EXCITE,Evaluation,Discussion and Conclusions
Latex_files/full/expanded/190201580.tex,Introduction,The Simple Privacy Model,Methodology,Tool,Experimental Results,Related Work,Conclusion and Future Work
Latex_files/full/expanded/211108557.tex,Introduction,Related Work,KAPAO,Experiments,Conclusion
Latex_files/full/expanded/181100121.tex,Introduction,A Mixturebased Defense Against Poisoning of Spam Filters,Experimental Results,Discussion,Conclusions
Latex_files/full/expanded/190206938.tex,Introduction,Background,Proposed Method,Experiments,Conclusion
Latex_files/full/expanded/190802819.tex,Introduction,Related Work,Datasets,Algorithm,Example,Evaluation and Results,Conclusions,ACKNOWLEDGMENTS
Latex_files/full/expanded/180408806.tex
Latex_files/full/expanded/180107861.tex,Introduction,Background,Methods,Experiments,Conclusion,Acknowledgments
Latex_files/full/expanded/210610169.tex,Introduction,Method,Fusion of Embeddings Network,Experiments,Conclusions
Latex_files/full/expanded/200608962.tex,Introduction,Related Work,Problem Formulation,LANN Architecture,Model Complexity,Insight from Complexity,Conclusion
Latex_files/full/expanded/210512754.tex,Introduction,Related Work,Methods,Automatic Alt Text at Facebook,Manual Practices in Museums,Comparing Policies,Axes of difference,Sources of uncertainty,Navigating uncertainty,Conclusion
Latex_files/full/expanded/180806664.tex,Introduction,Notations and Definitions,Model,Experiments,Adversarial Examples,Wrongly Classified Examples,Related Work,Discussion and Future Work
Latex_files/full/expanded/190607172.tex,Introduction,Preliminaries,Equivarification,Application to neural networks,Experiments,Conclusion,More About Equivarification
Latex_files/full/expanded/210316584.tex,Introduction,Related Work,Hypercomplex Neural Networks,Hypercomplex Graph Neural Network,Experiments,Conclusion,Additional Model Implementation Details,Architecture Hyperparameter and Training Strategy,Additional Details about Experiment Section,Further Experiments
Latex_files/full/expanded/180907695.tex,Introduction,Related Work,On Centrality Measures,A GNN Model for Learning Relations Between Centrality Measures,Experimental Setup,Experimental Analysis,Conclusions
Latex_files/full/expanded/190507289.tex,Introduction,Related Work,Methodology,Experiments,Discussion,Conclusion
Latex_files/full/expanded/160600979.tex,Introduction,Overview,Our Approach,Experiments,Related Work,Conclusion
Latex_files/full/expanded/190903564.tex,Introduction,Background and Related Work,Experimental Methods,Results and Discussion,Conclusion and Future Work
Latex_files/full/expanded/200808405.tex,Introduction,Parametric Model,Dataset,Generative Models,Network Architecture,Experiments,Conclusion
Latex_files/full/expanded/180102622.tex,Introduction,Related Work,Graph Memory Networks labelsecMethods,Experiments and ResultslabelsecResults,DiscussionlabelsecDiscussion
Latex_files/full/expanded/190603506.tex,Introduction,Related Work,Lifelong Naive Bayes,Experiments,Conclusions,Appendices
Latex_files/full/expanded/210611447.tex,Introduction,Related Work,Architecture,Implementation Details,Discussion and Future Work,Performance vs Computation TradeOff,Attention Blocks Ablation,Qualitative Decoder Comparison,Encoder and Decoder Performance Comparison Graphs
Latex_files/full/expanded/210714153.tex,Introduction,Related Work,Temporal Output Discrepancy,SemiSupervised Active Learning,Experiments,Conclusion,Proofs,Experimental Details,More Experimental Results
Latex_files/full/expanded/190405626.tex,Introduction,Background,Autoregressive Energy Machines,Experiments,Related Work,Conclusion,ResMADE,Experimental settings
Latex_files/full/expanded/171011439.tex,Introduction,Related work,Statistical Speech Enhancement  Based on Combination of VAE and NMF,Experimental Evaluation,Conclusion
Latex_files/full/expanded/200309284.tex,Introduction,Background,Configurations for SqueezeandExcitation Residual Networks,Experimental details,Results,Conclusion
Latex_files/full/expanded/201001587.tex,Introduction,Problem statement,Methods,Evaluation Datasets,Evaluation criteria,Results,Conclusion
Latex_files/full/expanded/180103968.tex,Introduction,Related Work,Background,Representing CPNets as Concepts,The Complexity of Learning Complete Acyclic CPNets,The Complexity of Learning Potentially Incomplete Acyclic CPNets,Learning from Membership Queries,Learning from Corrupted Membership Queries,Discussion,Conclusion,Structural Properties of CPnet Classes
Latex_files/full/expanded/190507299.tex,Introduction,Previous works,Proposed Method,Results,Conclusion
Latex_files/full/expanded/190906480.tex,Introduction,Overview of Approach,Results,Conclusions and Future Work
Latex_files/full/expanded/160107446.tex,Introduction,General Idea of CloudComputing,Intelligent Aggregation Method,Discussion,Final Remarks
Latex_files/full/expanded/191200544.tex,Introduction,Background,Model,Looking for Effective Attention Scales,Experiments,Related Works,Conclusion,Acknowledgments
Latex_files/full/expanded/181102689.tex,Introduction,Training Domain Specific Models,Experiments
Latex_files/full/expanded/180407931.tex,Introduction,The proposed approach,Experiments,Conclusions and Future Work
Latex_files/full/expanded/200802849.tex,Introduction,MixedInteger Programming Model,Heuristic Algorithms,Computational Experiments,Conclusion
Latex_files/full/expanded/211001770.tex,Introduction,Related Work,Methods,Experiments,Conclusion Application and Future Work
Latex_files/full/expanded/190701160.tex,Introduction,WHAM datasetfootnoteAvailable at httpwhamwhisperai,Speech separation objective functions,Experimental results,Conclusion
Latex_files/full/expanded/210712422.tex,Introduction,Related Work on DNN Model Compression,Background and Preliminaries,Systematic Compression Framework,Experiments,Conclusion
Latex_files/full/expanded/210211258.tex,Introduction,Motivation,Related Work,Datasets,Experiment Setup,Results and Analysis,Conclusion and Future Work
Latex_files/full/expanded/13108418.tex,Approximations
Latex_files/full/expanded/210405018.tex,Introduction,TedNet Details,Installation and Illustrative Examples,Benchmark,Conclusion
Latex_files/full/expanded/210300589.tex,Introduction,Related Work,Problem Setting,Task and Motion Planning with Operators,Learning Symbolic Operators for tamp,Experiments,Conclusion
Latex_files/full/expanded/190305594.tex,Introduction,Background,Budgeted Kernel Bandits,Regret Analysis,Discussion,Relaxing assumptions,Properties of the posterior variance,Proof of Crefthmkorscomplexity,Proof of Crefthmmainregret
Latex_files/full/expanded/160304506.tex,Introduction,Machine learning background,Application to Compound Activity Prediction,Conclusions,Acknowledgments
Latex_files/full/expanded/181111684.tex,Introduction,Methods,Results,Discussion
Latex_files/full/expanded/200402082.tex,Introduction,Technical Preliminaries,From Neural Networks to Boolean Circuits,Tractability via Knowledge Compilation,On the Robustness of Classifiers,A Case Study,Conclusion and Discussion,Proof of Theoremreftheorempseudocompile
Latex_files/full/expanded/190906722.tex,Introduction,Background,PlackettLuce Loss for Learning to Rank,Experiments,Conclusion
Latex_files/full/expanded/191103585.tex,Introduction,Key Factors for Successful AI Deployment,Key Factors for Successful AI Integration,Applications of AI in Wireless Networking,Conclusion
Latex_files/full/expanded/200605697.tex,Introduction,Related Work,Meta Transition Adaptation Method,Experimental Results,Relation to Label Distribution Learning,Conclusion,Solution of Estimating Noise Transition ,Generalization Error,Discussion on initialized strategy of our method,Noise Transition Matrix in Our Paper
Latex_files/full/expanded/210508440.tex,Introduction,Background,Strategy Representation,CFRMIX,Evaluation,Conclusion,Proofs of the Theorems,CFRMIX Framework
Latex_files/full/expanded/181111623.tex,INTRODUCTION,Related Work,Audio Analysis,Video Analysis,Scalable Analysis Platform,Accompanying ethical research,Conclusions and Future Work
Latex_files/full/expanded/190101343.tex,Introduction,Background graph spectral filtering,Rational filters for graph signals,The ARMA neural network layer,Spectral analysis of the ARMA layer,Experiments,Experimental details,Conclusions
Latex_files/full/expanded/160700122.tex,Introduction,Lessforgetting Learning,Lessforgetting for General Learning Cases,Experiments,Conclusion
Latex_files/full/expanded/210105217.tex,Introduction,Problem formulation,Similaritybased prediction,Experiments,Conclusion
Latex_files/full/expanded/211013473.tex,Related Work,Proposed Method,Experiment,Conclusion
Latex_files/full/expanded/180606616.tex,Introduction,ComparisonBased Random Forests,Theoretical Analysis,Experiments,Conclusion and Future Work
Latex_files/full/expanded/210914845.tex,Introduction,Background,AffectGAN,Results,Discussion and Next Steps,Conclusion
Latex_files/full/expanded/200414014.tex,Introduction algorithm selection,Design of NGO,Experiments,Conclusions
Latex_files/full/expanded/160404403.tex,Introduction,Preliminaries,Results for PE,CW,Conclusions and Future Work
Latex_files/full/expanded/171204165.tex,Introduction,Related Work,Temporal Prediction Stability,Evaluation,Conclusion and Future Work
Latex_files/full/expanded/190805209.tex
Latex_files/full/expanded/160404562.tex,Introduction,Model,WizardofOz Data Collection,Empirical Experiments,Conclusions and Future Work
Latex_files/full/expanded/9091186.tex,Introduction,Mathematical Scheme,Physical Scheme,Conclusion
Latex_files/full/expanded/210209483.tex,Introduction,Methodology,Results and Discussion,Conclusions
Latex_files/full/expanded/150800879.tex,Introduction,Background,Qualitative Preference Reasoning based Decision Method,Conclusion
Latex_files/full/expanded/201013868.tex,Introduction,Methods,Results,Discussion and Conclusion,acknowledgements
Latex_files/full/expanded/200403238.tex,Training Details,Answer Extraction and Question Generation,Latent Interpolation,Human Evaluation,Introduction,Related Work,VQAG Variational QuestionAnswer Pair Generation Model,Experiments and Results,Discussion and Conclusion,Derivations of the Variational Lower Bound,Distribution Modeling Capacity,Information Theoretic Interpretation of the KL control,Model Architechture
Latex_files/full/expanded/190803793.tex,Introduction,Datasets,Empirical analysis,Conclusion and Future Work
Latex_files/full/expanded/201204936.tex,Introduction,Method,Classification Performance and Discussion,Imagebased Temporal Pattern Recognition and Clinical Interpretation,Concluding Remarks
Latex_files/full/expanded/190409324.tex,Introduction,Conditional Masked Language Models,Decoding with MaskPredict,Experiments,Analysis,Related Work,Conclusion
Latex_files/full/expanded/210514876.tex,Introduction,Related Work,Preliminaries,Our Approach,Evaluation,Sensitivity Analysis,Interpretable Classification,Conclusions and Future Work,Results on 85 UCR benchmark time series datasets,Comparison of rSTSF with and without the autoregressive representation,Comparison of rSTSF with and without the emphcounts of meancrossings cmc and emphcounts of values above the mean cam aggregation functions
Latex_files/full/expanded/210701333.tex,Introduction,The Basic Assumptions for Causal Discovery,Nonparametric Case,Discussion
Latex_files/full/expanded/191104651.tex,Introduction,Related Work,Dataset,Locally Aligned Convolutional Neural Network,Results,Conclusion
Latex_files/full/expanded/191004426.tex,Introduction,Reservoir computing,Fundamental role of spectral radius of reservoir network in predicting spatiotemporal dynamical systems,Effect Of reservoir network structure on prediction,Error in training output data,Discussion,Standard deviation of prediction error,Example of long term prediction of Akhmediev breathers in NLSE,Origin of standard deviation in the ensembleaveraged prediction error,Solution of soliton collision in NLSE
Latex_files/full/expanded/200210908.tex,Introduction,Methods,Experimental Results,Discussion,Conclusion
Latex_files/full/expanded/181104179.tex,,Learning,Experimental Setup,Results,Conclusion,Details on Auxiliary Objectives,Automatic Wordobject Alignment Extraction,Hyperparameter Settings,Additional instructionfollowing examples,Introduction,Technical Overview,Related Work,Model
Latex_files/full/expanded/201005137.tex,Introduction,Dataset Construction,Benchmarking the Review Process,Has the review process gotten worse over time,Biases,Conclusion,Appendix
Latex_files/full/expanded/171011573.tex,Introduction,Learning deep networks with hardthreshold units,Feasible target propagation,Experiments,Conclusion,Experiment details
