Latex_small/200103659.tex,introduction,our approach,experiment,conclusion
Latex_small/200103659.tex,introduction,our approach,experiment,conclusion
Latex_small/200103659.tex,introduction,our approach,experiment,conclusion
Latex_small/200103659.tex,introduction,our approach,experiment,conclusion
Latex_small/200202645.tex,introduction,intuition,freeze inference design,result and challenge,research direction,discussion topic
Latex_small/200202938.tex,introduction,method,result,conclusion future work
Latex_small/200205145.tex,introduction,importance sampling risk minimization with biased data,weighted empirical risk minimization generalization guarantee,numerical experiment,conclusion
Latex_small/200110155.tex,introduction,method,result conclusion,qualitative result
Latex_small/200110155.tex,introduction,method,result conclusion,qualitative result
Latex_small/200110155.tex,introduction,method,result conclusion,qualitative result
Latex_small/200109569.tex,introduction,research approach,result and discussion,future work
Latex_small/200202117.tex,introduction,preparation,proposed method,simulation,conclusion
Latex_small/200202117.tex,introduction,preparation,proposed method,simulation,conclusion
Latex_small/200107135.tex,introduction,background,framework,theory,related work,experiment,conclusion
Latex_small/200106626.tex,introduction,general instruction,translation of nonenglish term,length of submission,supplemental material
Latex_small/200203273.tex,introduction,setup,approach for minimizing finite sum,a biased estimator with quantization,application to stochastic oracle,discussion and future work,supplementary material
Latex_small/200201464.tex,introduction,related work,visual conceptmetaconcept learning,experiment,conclusion
